Name,Material Type,Division,Image Name
Anatomy and Physiology,Cheatsheet,B,science.png
Crime Busters,Cheatsheet,B,science.png
Disease Detectives,Cheatsheet,B,science.png
Dynamic Planet,Binder,B,science.png
Ecology,Cheatsheet,B,science.png
Forestry,Binder,B,science.png
Fossils,Binder,B,science.png
Meteorology,Binder,B,science.png
Microbe Mission,Cheatsheet,B,science.png
Optics,Binder,B,science.png
Reach for the Stars,Cheatsheet,B,science.png
Road Scholar,Binder,B,science.png
Wind Power,Binder,B,science.png
Wind Power,Binder,C,science.png